"species","life_form","n_bio_6","mean_bio_6","sd_bio_6","se_bio_6","within_sp_var_bio_6"
"Acnistus arborescens","perennial",133,5.662545,0.016692,0.001447,4e-06
"Anisodus acutangulus","perennial",NA,NA,NA,NA,NA
"Anisodus carniolicoides","perennial",NA,NA,NA,NA,NA
"Anisodus luridus","perennial",17,5.57857,0.026371,0.006396,3e-05
"Anisodus tanguticus","perennial",37,5.56364,0.021403,0.003519,1.4e-05
"Anthocercis angustifolia","perennial",4,5.627853,0.010018,0.005009,0.000127
"Anthocercis gracilis","perennial",1,5.647036,NA,NA,0.000508
"Anthocercis ilicifolia","perennial",NA,NA,NA,NA,NA
"Anthocercis intricata","perennial",4,5.660249,0.006676,0.003338,0.000127
"Anthocercis littorea","perennial",27,5.649611,0.008422,0.001621,1.9e-05
"Anthocercis myosotidea","perennial",NA,NA,NA,NA,NA
"Anthocercis racemosa","perennial",NA,NA,NA,NA,NA
"Anthocercis sylvicola","perennial",1,5.642084,NA,NA,0.000508
"Anthocercis viscosa","perennial",NA,NA,NA,NA,NA
"Anthotroche blackii","perennial",NA,NA,NA,NA,NA
"Anthotroche myoporoides","perennial",3,5.646672,0.005677,0.003278,0.000169
"Anthotroche pannosa","perennial",44,5.635142,0.003058,0.000461,1.2e-05
"Anthotroche walcottii","perennial",7,5.643429,0.007119,0.002691,7.3e-05
"Athenaea pogogena","perennial",15,5.660342,0.011094,0.002864,3.4e-05
"Atropa belladonna","perennial",146,5.603764,0.013627,0.001128,3e-06
"Atropa komarovii","perennial",NA,NA,NA,NA,NA
"Atropanthe sinensis","perennial",5,5.608479,0.002672,0.001195,0.000102
"Aureliana fasciculata","perennial",80,5.661576,0.015633,0.001748,6e-06
"Benthamiella patagonica","perennial",26,5.603317,0.006733,0.00132,2e-05
"Benthamiella skottsbergii","perennial",3,5.602545,0.003616,0.002088,0.000169
"Bouchetia anomala","perennial",9,5.61884,0.010565,0.003522,5.6e-05
"Bouchetia erecta","perennial",6,5.629366,0.011171,0.004561,8.5e-05
"Brachistus stramonifolius","perennial",33,5.650997,0.013025,0.002267,1.5e-05
"Browallia eludens","annual",4,5.611209,0.001987,0.000994,0.000127
"Browallia speciosa","annual",25,5.662078,0.014218,0.002844,2e-05
"Brugmansia arborea","perennial",10,5.656847,0.028766,0.009097,5.1e-05
"Brugmansia aurea","perennial",24,5.653358,0.012997,0.002653,2.1e-05
"Brugmansia sanguinea","perennial",24,5.637479,0.021543,0.004397,2.1e-05
"Brunfelsia americana","perennial",NA,NA,NA,NA,NA
"Brunfelsia uniflora","perennial",107,5.666084,0.019805,0.001915,5e-06
"Calibrachoa parviflora","perennial",118,5.634576,0.013395,0.001233,4e-06
"Calibrachoa pygmaea","annual",7,5.641969,0.005684,0.002148,7.3e-05
"Calibrachoa sellowiana","perennial",11,5.635244,0.006067,0.001829,4.6e-05
"Capsicum annuum","annual",112,5.658032,0.019754,0.001867,5e-06
"Capsicum baccatum","perennial",71,5.655998,0.014307,0.001698,7e-06
"Capsicum campylopodium","annual",7,5.659443,0.005834,0.002205,7.3e-05
"Capsicum cardenasii","no_life_form_on_database",1,5.626001,NA,NA,0.000508
"Capsicum ceratocalyx","no_life_form_on_database",1,5.643856,NA,NA,0.000508
"Capsicum chacoense","perennial",76,5.64335,0.014904,0.00171,7e-06
"Capsicum chinense","perennial",28,5.680753,0.007787,0.001472,1.8e-05
"Capsicum ciliatum","no_life_form_on_database",34,5.648396,0.016526,0.002834,1.5e-05
"Capsicum coccineum","perennial",17,5.674341,0.009559,0.002318,3e-05
"Capsicum eximium","perennial",11,5.626479,0.021492,0.00648,4.6e-05
"Capsicum flexuosum","perennial",49,5.647397,0.00842,0.001203,1e-05
"Capsicum frutescens","perennial",18,5.666797,0.012373,0.002916,2.8e-05
"Capsicum galapagoense","perennial",NA,NA,NA,NA,NA
"Capsicum geminifolium","perennial",18,5.655087,0.012077,0.002847,2.8e-05
"Capsicum hunzikerianum","no_life_form_on_database",2,5.647917,0.000748,0.000529,0.000254
"Capsicum lanceolatum","perennial",14,5.651964,0.012626,0.003374,3.6e-05
"Capsicum lycianthoides","no_life_form_on_database",18,5.653365,0.018237,0.004299,2.8e-05
"Capsicum minutiflorum","no_life_form_on_database",3,5.651506,0.017816,0.010286,0.000169
"Capsicum pereirae","no_life_form_on_database",7,5.653689,0.008029,0.003035,7.3e-05
"Capsicum pubescens","perennial",17,5.641683,0.017949,0.004353,3e-05
"Capsicum recurvatum","perennial",15,5.650196,0.0084,0.002169,3.4e-05
"Capsicum rhomboideum","perennial",75,5.661335,0.014184,0.001638,7e-06
"Capsicum schottianum","no_life_form_on_database",14,5.651622,0.009285,0.002482,3.6e-05
"Capsicum tovarii","no_life_form_on_database",NA,NA,NA,NA,NA
"Capsicum villosum","no_life_form_on_database",9,5.647368,0.011557,0.003852,5.6e-05
"Cestrum acutifolium","perennial",NA,NA,NA,NA,NA
"Cestrum aurantiacum","perennial",41,5.648202,0.015358,0.002399,1.2e-05
"Cestrum chiriquianum","perennial",1,5.66244,NA,NA,0.000508
"Cestrum dasyanthum","perennial",3,5.637667,0.021428,0.012371,0.000169
"Cestrum diurnum","perennial",36,5.672527,0.016263,0.00271,1.4e-05
"Cestrum elegans","perennial",12,5.644503,0.011492,0.003317,4.2e-05
"Cestrum endlicheri","perennial",4,5.648978,0.021379,0.010689,0.000127
"Cestrum fasciculatum","perennial",20,5.643289,0.020185,0.004514,2.5e-05
"Cestrum fragile","perennial",7,5.674664,0.011526,0.004356,7.3e-05
"Cestrum fulvescens","perennial",11,5.63735,0.006189,0.001866,4.6e-05
"Cestrum glanduliferum","perennial",41,5.669271,0.015508,0.002422,1.2e-05
"Cestrum guatemalense","perennial",10,5.641405,0.018045,0.005706,5.1e-05
"Cestrum inclusum","perennial",4,5.667024,0.015904,0.007952,0.000127
"Cestrum irazuense","perennial",3,5.655364,0.025753,0.014869,0.000169
"Cestrum laxum","perennial",25,5.632453,0.010734,0.002147,2e-05
"Cestrum luteovirescens","perennial",11,5.657947,0.014342,0.004324,4.6e-05
"Cestrum macrophyllum","perennial",8,5.676975,0.009044,0.003198,6.4e-05
"Cestrum megalophyllum","perennial",66,5.675775,0.015489,0.001907,8e-06
"Cestrum milciomejiae","perennial",NA,NA,NA,NA,NA
"Cestrum miradorense","perennial",3,5.638165,0.005821,0.003361,0.000169
"Cestrum mortonianum","perennial",NA,NA,NA,NA,NA
"Cestrum nocturnum","perennial",123,5.667175,0.019298,0.00174,4e-06
"Cestrum oblongifolium","perennial",27,5.639688,0.013032,0.002508,1.9e-05
"Cestrum pacayense","perennial",7,5.644043,0.005901,0.00223,7.3e-05
"Cestrum pittieri","perennial",NA,NA,NA,NA,NA
"Cestrum poasanum","perennial",3,5.654665,0.017561,0.010139,0.000169
"Cestrum regelii","perennial",5,5.641868,0.01359,0.006078,0.000102
"Cestrum rigidum","perennial",23,5.642995,0.017847,0.003721,2.2e-05
"Cestrum roseum","perennial",19,5.634465,0.013685,0.00314,2.7e-05
"Cestrum sphaerocarpum","perennial",3,5.656713,0.010355,0.005978,0.000169
"Cestrum strigillatum","perennial",201,5.659417,0.016422,0.001158,3e-06
"Cestrum thyrsoideum","perennial",25,5.628808,0.007606,0.001521,2e-05
"Cestrum tomentosum","perennial",3,5.63644,0.014895,0.0086,0.000169
"Cestrum tuerckheimii","perennial",NA,NA,NA,NA,NA
"Cestrum violaceum","perennial",2,5.668377,0.022221,0.015713,0.000254
"Cestrum virgaurea","perennial",NA,NA,NA,NA,NA
"Chamaesaracha coronopus","perennial",115,5.61414,0.018342,0.00171,4e-06
"Chamaesaracha sordida","perennial",83,5.617146,0.013639,0.001497,6e-06
"Coeloneurum ferrugineum","perennial",5,5.681137,0.007881,0.003524,0.000102
"Combera paradoxa","perennial",6,5.600257,0.006085,0.002484,8.5e-05
"Crenidium spinescens","perennial",6,5.635264,0.001725,0.000704,8.5e-05
"Cuatresia exiguiflora","perennial",21,5.683534,0.010661,0.002326,2.4e-05
"Cuatresia riparia","perennial",44,5.667139,0.014088,0.002124,1.2e-05
"Cyphanthera albicans","perennial",13,5.626148,0.006415,0.001779,3.9e-05
"Cyphanthera anthocercidea","perennial",2,5.626001,0.00051,0.000361,0.000254
"Cyphanthera microphylla","perennial",23,5.636125,0.003809,0.000794,2.2e-05
"Cyphanthera odgersii","perennial",5,5.633396,0.000741,0.000331,0.000102
"Datura bernhardii","no_life_form_on_database",NA,NA,NA,NA,NA
"Datura ceratocaula","annual",NA,NA,NA,NA,NA
"Datura discolor","annual",111,5.651423,0.01982,0.001881,5e-06
"Datura ferox","annual",NA,NA,NA,NA,NA
"Datura innoxia","annual",105,5.643716,0.023352,0.002279,5e-06
"Datura laevis","no_life_form_on_database",NA,NA,NA,NA,NA
"Datura leichhardtii","annual",NA,NA,NA,NA,NA
"Datura metel","annual",16,5.67246,0.016836,0.004209,3.2e-05
"Datura quercifolia","annual",59,5.623721,0.017563,0.002287,9e-06
"Datura rosei","no_life_form_on_database",NA,NA,NA,NA,NA
"Datura stramonium","annual",102,5.64641,0.020967,0.002076,5e-06
"Deprea bitteriana","perennial",7,5.654122,0.021291,0.008047,7.3e-05
"Deprea orinocensis","perennial",14,5.65027,0.018631,0.004979,3.6e-05
"Deprea paneroi","perennial",2,5.66485,0.038225,0.027029,0.000254
"Discopodium penninervium","perennial",30,5.645672,0.01385,0.002529,1.7e-05
"Duboisia hopwoodii","perennial",171,5.638152,0.009151,7e-04,3e-06
"Duboisia leichhardtii","perennial",23,5.636924,0.005349,0.001115,2.2e-05
"Duboisia myoporoides","perennial",44,5.650133,0.015717,0.002369,1.2e-05
"Duckeodendron cestroides","perennial",6,5.690021,0.000974,0.000398,8.5e-05
"Dunalia brachyacantha","perennial",30,5.617948,0.020487,0.00374,1.7e-05
"Dunalia obovata","perennial",NA,NA,NA,NA,NA
"Dunalia solanacea","no_life_form_on_database",NA,NA,NA,NA,NA
"Dunalia spathulata","perennial",NA,NA,NA,NA,NA
"Dunalia spinosa","perennial",18,5.619572,0.018639,0.004393,2.8e-05
"Dyssochroma viridiflora","perennial",33,5.659974,0.012239,0.002131,1.5e-05
"Eriolarynx fasciculata","perennial",NA,NA,NA,NA,NA
"Eriolarynx lorentzii","perennial",2,5.62399,0.010466,0.007401,0.000254
"Espadaea amoena","perennial",5,5.678088,0.001463,0.000654,0.000102
"Exodeconus miersii","annual",NA,NA,NA,NA,NA
"Fabiana imbricata","perennial",35,5.605104,0.013913,0.002352,1.5e-05
"Goetzea ekmanii","perennial",1,5.691204,NA,NA,0.000508
"Goetzea elegans","perennial",NA,NA,NA,NA,NA
"Grammosolen dixonii","perennial",15,5.633723,0.003591,0.000927,3.4e-05
"Grammosolen truncatus","perennial",16,5.634339,0.002821,0.000705,3.2e-05
"Henoonia myrtifolia","perennial",NA,NA,NA,NA,NA
"Heteranthia decipiens","perennial",6,5.671628,0.008895,0.003631,8.5e-05
"Hunzikeria texana","perennial",19,5.631854,0.007591,0.001741,2.7e-05
"Hyoscyamus albus","annual",112,5.63177,0.015356,0.001451,5e-06
"Hyoscyamus aureus","annual",NA,NA,NA,NA,NA
"Hyoscyamus desertorum","annual",NA,NA,NA,NA,NA
"Hyoscyamus leptocalyx","perennial",1,5.598607,NA,NA,0.000508
"Hyoscyamus muticus","perennial",7,5.635763,0.016873,0.006377,7.3e-05
"Hyoscyamus niger","annual",481,5.581768,0.025452,0.001161,1e-06
"Hyoscyamus pusillus","annual",35,5.57242,0.027616,0.004668,1.5e-05
"Hyoscyamus turcomanicus","perennial",2,5.592023,0.018186,0.012859,0.000254
"Iochroma australe","perennial",20,5.612307,0.016328,0.003651,2.5e-05
"Iochroma calycina","perennial",3,5.647195,0.015043,0.008685,0.000169
"Iochroma cardenasianum","perennial",1,5.602303,NA,NA,0.000508
"Iochroma confertiflorum","perennial",4,5.646885,0.012911,0.006456,0.000127
"Iochroma cornifolium","perennial",5,5.637664,0.00601,0.002688,0.000102
"Iochroma cyaneum","perennial",5,5.647376,0.005619,0.002513,0.000102
"Iochroma edule","perennial",3,5.659988,0.020005,0.01155,0.000169
"Iochroma ellipticum","perennial",NA,NA,NA,NA,NA
"Iochroma fuchsioides","perennial",10,5.646334,0.015011,0.004747,5.1e-05
"Iochroma gesnerioides","perennial",13,5.646232,0.014549,0.004035,3.9e-05
"Iochroma grandiflorum","perennial",8,5.64142,0.020012,0.007075,6.4e-05
"Iochroma lehmannii","perennial",NA,NA,NA,NA,NA
"Iochroma loxense","perennial",1,5.660005,NA,NA,0.000508
"Iochroma nitidum","perennial",NA,NA,NA,NA,NA
"Iochroma parvifolium","perennial",NA,NA,NA,NA,NA
"Iochroma salpoanum","perennial",NA,NA,NA,NA,NA
"Iochroma squamosum","perennial",NA,NA,NA,NA,NA
"Iochroma stenanthum","perennial",2,5.656087,0.017799,0.012586,0.000254
"Iochroma umbellatum","perennial",11,5.630376,0.015004,0.004524,4.6e-05
"Jaborosa integrifolia","perennial",27,5.63768,0.01005,0.001934,1.9e-05
"Jaborosa sativa","perennial",13,5.603688,0.021035,0.005834,3.9e-05
"Jaborosa squarrosa","perennial",6,5.600915,0.01518,0.006197,8.5e-05
"Jaltomata andersonii","perennial",NA,NA,NA,NA,NA
"Jaltomata antillana","annual",2,5.677169,0.019848,0.014035,0.000254
"Jaltomata aspera","perennial",NA,NA,NA,NA,NA
"Jaltomata auriculata","perennial",NA,NA,NA,NA,NA
"Jaltomata bernardelloana","perennial",1,5.637108,NA,NA,0.000508
"Jaltomata bicolor","perennial",NA,NA,NA,NA,NA
"Jaltomata biflora","perennial",NA,NA,NA,NA,NA
"Jaltomata bohsiana","perennial",1,5.628161,NA,NA,0.000508
"Jaltomata cajacayensis","perennial",NA,NA,NA,NA,NA
"Jaltomata chihuahuensis","perennial",6,5.615333,0.010191,0.00416,8.5e-05
"Jaltomata chotanae","perennial",NA,NA,NA,NA,NA
"Jaltomata contumacensis","perennial",1,5.643502,NA,NA,0.000508
"Jaltomata darcyana","perennial",3,5.686654,0.010804,0.006238,0.000169
"Jaltomata dendroidea","perennial",NA,NA,NA,NA,NA
"Jaltomata dentata","perennial",NA,NA,NA,NA,NA
"Jaltomata grandiflora","perennial",1,5.658611,NA,NA,0.000508
"Jaltomata guillermo-guerrae","perennial",NA,NA,NA,NA,NA
"Jaltomata herrerae","perennial",6,5.614712,0.01167,0.004764,8.5e-05
"Jaltomata lanata","perennial",NA,NA,NA,NA,NA
"Jaltomata leivae","perennial",NA,NA,NA,NA,NA
"Jaltomata lezamae","perennial",2,5.642064,0.009025,0.006382,0.000254
"Jaltomata lojae","perennial",2,5.65082,0.018887,0.013355,0.000254
"Jaltomata lomana","perennial",NA,NA,NA,NA,NA
"Jaltomata mionei","perennial",NA,NA,NA,NA,NA
"Jaltomata nigricolor","perennial",NA,NA,NA,NA,NA
"Jaltomata oppositifolia","perennial",NA,NA,NA,NA,NA
"Jaltomata paneroi","perennial",NA,NA,NA,NA,NA
"Jaltomata procumbens","perennial",122,5.644882,0.024046,0.002177,4e-06
"Jaltomata repandidentata","perennial",48,5.665993,0.012806,0.001848,1.1e-05
"Jaltomata sagastegui","perennial",1,5.636395,NA,NA,0.000508
"Jaltomata salpoensis","perennial",NA,NA,NA,NA,NA
"Jaltomata sanchez-vegae","perennial",NA,NA,NA,NA,NA
"Jaltomata sinuosa","perennial",10,5.641944,0.015266,0.004828,5.1e-05
"Jaltomata tayabambae","perennial",NA,NA,NA,NA,NA
"Jaltomata truxillana","perennial",NA,NA,NA,NA,NA
"Jaltomata umbellata","perennial",1,5.67761,NA,NA,0.000508
"Jaltomata ventricosa","perennial",NA,NA,NA,NA,NA
"Jaltomata viridiflora","perennial",19,5.645565,0.01992,0.00457,2.7e-05
"Jaltomata weberbaueri","perennial",NA,NA,NA,NA,NA
"Jaltomata yacheri","perennial",NA,NA,NA,NA,NA
"Jaltomata yungayensis","perennial",NA,NA,NA,NA,NA
"Juanulloa mexicana","perennial",39,5.673697,0.013488,0.00216,1.3e-05
"Larnax dilloniana","perennial",NA,NA,NA,NA,NA
"Larnax hawkesii","perennial",5,5.645691,0.013572,0.00607,0.000102
"Larnax nieva","perennial",NA,NA,NA,NA,NA
"Larnax parviflora","perennial",NA,NA,NA,NA,NA
"Larnax peruviana","perennial",11,5.66494,0.016108,0.004857,4.6e-05
"Larnax psilophyta","perennial",1,5.643502,NA,NA,0.000508
"Larnax purpurea","perennial",NA,NA,NA,NA,NA
"Larnax sachapapa","perennial",11,5.647225,0.01474,0.004444,4.6e-05
"Larnax subtriflora","perennial",5,5.648461,0.017701,0.007916,0.000102
"Larnax suffruticosa","perennial",4,5.647224,0.020893,0.010446,0.000127
"Larnax sylvarum","perennial",5,5.658652,0.030681,0.013721,0.000102
"Latua pubiflora","perennial",3,5.619317,0.013051,0.007535,0.000169
"Leptoglossis darcyana","no_life_form_on_database",NA,NA,NA,NA,NA
"Leucophysalis grandiflora","annual",NA,NA,NA,NA,NA
"Leucophysalis nana","perennial",18,5.588342,0.012263,0.00289,2.8e-05
"Leucophysalis viscosa","no_life_form_on_database",5,5.646987,0.017301,0.007737,0.000102
"Lycianthes acapulcensis","perennial",22,5.660639,0.019012,0.004053,2.3e-05
"Lycianthes acutifolia","perennial",52,5.646507,0.016543,0.002294,1e-05
"Lycianthes amatitlanensis","perennial",58,5.672609,0.016187,0.002125,9e-06
"Lycianthes asarifolia","perennial",57,5.664295,0.015457,0.002047,9e-06
"Lycianthes beckneriana","perennial",5,5.663152,0.025489,0.011399,0.000102
"Lycianthes biflora","perennial",131,5.644861,0.026013,0.002273,4e-06
"Lycianthes ciliolata","perennial",NA,NA,NA,NA,NA
"Lycianthes dejecta","perennial",14,5.633473,0.005557,0.001485,3.6e-05
"Lycianthes denticulata","perennial",8,5.68455,0.010634,0.00376,6.4e-05
"Lycianthes fasciculata","perennial",18,5.640007,0.016283,0.003838,2.8e-05
"Lycianthes furcatistellata","perennial",6,5.663911,0.008931,0.003646,8.5e-05
"Lycianthes geminiflora","perennial",13,5.65576,0.013416,0.003721,3.9e-05
"Lycianthes glandulosa","perennial",30,5.672686,0.016678,0.003045,1.7e-05
"Lycianthes heteroclita","perennial",59,5.672022,0.014088,0.001834,9e-06
"Lycianthes inaequilatera","perennial",90,5.672218,0.01374,0.001448,6e-06
"Lycianthes jalicensis","perennial",1,5.653366,NA,NA,0.000508
"Lycianthes jelskii","perennial",2,5.648476,0.024162,0.017085,0.000254
"Lycianthes lenta","perennial",89,5.67578,0.014088,0.001493,6e-06
"Lycianthes lycioides","perennial",49,5.625865,0.029373,0.004196,1e-05
"Lycianthes lysimachioides","perennial",53,5.620223,0.016031,0.002202,1e-05
"Lycianthes moziniana","perennial",28,5.640127,0.016498,0.003118,1.8e-05
"Lycianthes multiflora","perennial",18,5.679374,0.011224,0.002646,2.8e-05
"Lycianthes nitida","perennial",32,5.679991,0.008198,0.001449,1.6e-05
"Lycianthes peduncularis","perennial",9,5.63884,0.01046,0.003487,5.6e-05
"Lycianthes pringlei","perennial",6,5.641123,0.006127,0.002501,8.5e-05
"Lycianthes pseudolycioides","perennial",16,5.66903,0.008276,0.002069,3.2e-05
"Lycianthes radiata","perennial",45,5.649982,0.018162,0.002707,1.1e-05
"Lycianthes rantonnei","perennial",18,5.648924,0.016434,0.003874,2.8e-05
"Lycianthes rzedowskii","perennial",7,5.642315,0.013086,0.004946,7.3e-05
"Lycianthes saltensis","perennial",2,5.610208,0.038042,0.0269,0.000254
"Lycianthes sanctaeclarae","perennial",10,5.683776,0.009648,0.003051,5.1e-05
"Lycianthes shanesii","perennial",17,5.662359,0.011267,0.002733,3e-05
"Lycianthes stephanocalyx","perennial",25,5.656303,0.017293,0.003459,2e-05
"Lycianthes surotatensis","perennial",7,5.640869,0.015306,0.005785,7.3e-05
"Lycianthes synanthera","perennial",23,5.681139,0.011655,0.00243,2.2e-05
"Lycianthes tricolor","perennial",17,5.647939,0.01036,0.002513,3e-05
"Lycium acutifolium","perennial",NA,NA,NA,NA,NA
"Lycium afrum","perennial",8,5.633602,0.012731,0.004501,6.4e-05
"Lycium ameghinoi","perennial",33,5.609232,0.008376,0.001458,1.5e-05
"Lycium americanum","perennial",60,5.651575,0.019939,0.002574,8e-06
"Lycium amoenum","perennial",9,5.633488,0.010706,0.003569,5.6e-05
"Lycium andersonii","perennial",91,5.626476,0.022079,0.002315,6e-06
"Lycium arenicola","perennial",13,5.618649,0.011823,0.003279,3.9e-05
"Lycium athium","perennial",1,5.653015,NA,NA,0.000508
"Lycium australe","perennial",118,5.635409,0.006121,0.000563,4e-06
"Lycium barbarum","perennial",37,5.566061,0.018158,0.002985,1.4e-05
"Lycium berlandieri","perennial",86,5.631428,0.016437,0.001772,6e-06
"Lycium boerhaaviifolium","perennial",12,5.649038,0.022403,0.006467,4.2e-05
"Lycium bosciifolium","perennial",36,5.629994,0.011251,0.001875,1.4e-05
"Lycium brevipes","perennial",45,5.651424,0.014461,0.002156,1.1e-05
"Lycium californicum","perennial",2,5.641123,0.017315,0.012244,0.000254
"Lycium carolinianum","perennial",49,5.658211,0.016664,0.002381,1e-05
"Lycium cestroides","perennial",30,5.628308,0.014738,0.002691,1.7e-05
"Lycium chanar","perennial",8,5.585255,0.007654,0.002706,6.4e-05
"Lycium chilense","perennial",44,5.615156,0.015,0.002261,1.2e-05
"Lycium chinense","perennial",226,5.604778,0.026326,0.001751,2e-06
"Lycium ciliatum","perennial",55,5.624414,0.016447,0.002218,9e-06
"Lycium cinereum","perennial",NA,NA,NA,NA,NA
"Lycium cooperi","perennial",17,5.618322,0.01157,0.002806,3e-05
"Lycium cuneatum","perennial",33,5.652217,0.010587,0.001843,1.5e-05
"Lycium dasystemum","perennial",11,5.559291,0.013164,0.003969,4.6e-05
"Lycium decumbens","perennial",7,5.657837,0.007811,0.002952,7.3e-05
"Lycium depressum","perennial",NA,NA,NA,NA,NA
"Lycium deserti","perennial",2,5.614425,0.037109,0.02624,0.000254
"Lycium eenii","perennial",15,5.631628,0.010246,0.002646,3.4e-05
"Lycium elongatum","perennial",30,5.628808,0.016563,0.003024,1.7e-05
"Lycium europaeum","perennial",44,5.624638,0.011137,0.001679,1.2e-05
"Lycium exsertum","perennial",22,5.643659,0.015646,0.003336,2.3e-05
"Lycium ferocissimum","perennial",15,5.633861,0.015164,0.003915,3.4e-05
"Lycium fremontii","perennial",47,5.638009,0.017682,0.002579,1.1e-05
"Lycium fuscum","perennial",3,5.580787,0.005761,0.003326,0.000169
"Lycium gariepense","perennial",NA,NA,NA,NA,NA
"Lycium gilliesianum","perennial",36,5.613555,0.010067,0.001678,1.4e-05
"Lycium grandicalyx","perennial",NA,NA,NA,NA,NA
"Lycium hirsutum","perennial",24,5.621053,0.010838,0.002212,2.1e-05
"Lycium horridum","perennial",46,5.623428,0.011342,0.001672,1.1e-05
"Lycium infaustum","perennial",31,5.630414,0.010342,0.001857,1.6e-05
"Lycium macrodon","perennial",4,5.635403,0.005623,0.002812,0.000127
"Lycium microphyllum","perennial",NA,NA,NA,NA,NA
"Lycium minimum","perennial",NA,NA,NA,NA,NA
"Lycium minutifolium","perennial",NA,NA,NA,NA,NA
"Lycium morongii","perennial",36,5.650949,0.01261,0.002102,1.4e-05
"Lycium nodosum","perennial",25,5.656307,0.019411,0.003882,2e-05
"Lycium oxycarpum","perennial",25,5.625692,0.01021,0.002042,2e-05
"Lycium pallidum","perennial",77,5.602746,0.016604,0.001892,7e-06
"Lycium parishii","perennial",12,5.639196,0.010238,0.002955,4.2e-05
"Lycium pilifolium","perennial",19,5.620244,0.010416,0.00239,2.7e-05
"Lycium puberulum","perennial",12,5.622402,0.00659,0.001902,4.2e-05
"Lycium pumilum","perennial",25,5.62562,0.010108,0.002022,2e-05
"Lycium rachidocladum","perennial",2,5.6185,0.018738,0.01325,0.000254
"Lycium ruthenicum","perennial",63,5.570698,0.02438,0.003072,8e-06
"Lycium sandwicense","perennial",3,5.686579,0.001371,0.000792,0.000169
"Lycium schizocalyx","perennial",29,5.627943,0.011961,0.002221,1.8e-05
"Lycium schweinfurthii","perennial",7,5.646101,0.008017,0.00303,7.3e-05
"Lycium shawii","perennial",49,5.649129,0.014804,0.002115,1e-05
"Lycium shockleyi","perennial",6,5.600561,0.006837,0.002791,8.5e-05
"Lycium stenophyllum","perennial",4,5.627058,0.035639,0.017819,0.000127
"Lycium strandveldense","perennial",NA,NA,NA,NA,NA
"Lycium tenue","perennial",3,5.638133,0.011485,0.006631,0.000169
"Lycium tenuispinosum","perennial",15,5.614645,0.010445,0.002697,3.4e-05
"Lycium tetrandrum","perennial",13,5.644012,0.01587,0.004402,3.9e-05
"Lycium texanum","perennial",NA,NA,NA,NA,NA
"Lycium torreyi","perennial",56,5.620008,0.021061,0.002814,9e-06
"Lycium truncatum","perennial",NA,NA,NA,NA,NA
"Lycium villosum","perennial",10,5.629718,0.007147,0.00226,5.1e-05
"Lycium vimineum","perennial",5,5.639999,0.008128,0.003635,0.000102
"Lycium yunnanense","perennial",3,5.626676,0.011703,0.006757,0.000169
"Mandragora autumnalis","perennial",34,5.634228,0.010835,0.001858,1.5e-05
"Mandragora caulescens","perennial",38,5.574581,0.02569,0.004167,1.3e-05
"Mandragora chinghaiensis","perennial",7,5.56188,0.021691,0.008198,7.3e-05
"Mandragora officinarum","perennial",2,5.623965,0.014551,0.010289,0.000254
"Mandragora turcomanica","perennial",NA,NA,NA,NA,NA
"Markea panamensis","perennial",8,5.681763,0.01904,0.006732,6.4e-05
"Markea ulei","perennial",72,5.682294,0.009819,0.001157,7e-06
"Melananthus guatemalensis","annual",8,5.673206,0.01306,0.004617,6.4e-05
"Mellissia begoniifolia","no_life_form_on_database",NA,NA,NA,NA,NA
"Merinthopodium neuranthum","perennial",19,5.679956,0.01162,0.002666,2.7e-05
"Metternichia princeps","perennial",NA,NA,NA,NA,NA
"Nectouxia formosa","no_life_form_on_database",25,5.622765,0.01467,0.002934,2e-05
"Nicandra physalodes","annual",NA,NA,NA,NA,NA
"Nicotiana acaulis","perennial",6,5.607487,0.008352,0.00341,8.5e-05
"Nicotiana acuminata","perennial",18,5.605194,0.014361,0.003385,2.8e-05
"Nicotiana africana","perennial",1,5.633181,NA,NA,0.000508
"Nicotiana alata","annual",40,5.643921,0.008086,0.001279,1.3e-05
"Nicotiana amplexicaulis","annual",8,5.644466,0.010977,0.003881,6.4e-05
"Nicotiana arentsii","perennial",NA,NA,NA,NA,NA
"Nicotiana benavidesii","no_life_form_on_database",NA,NA,NA,NA,NA
"Nicotiana bonariensis","annual",25,5.641884,0.012287,0.002457,2e-05
"Nicotiana cavicola","annual",27,5.638802,0.006504,0.001252,1.9e-05
"Nicotiana clevelandii","annual",44,5.643906,0.013316,0.002007,1.2e-05
"Nicotiana cordifolia","perennial",NA,NA,NA,NA,NA
"Nicotiana corymbosa","annual",15,5.592319,0.016208,0.004185,3.4e-05
"Nicotiana eastii","no_life_form_on_database",NA,NA,NA,NA,NA
"Nicotiana excelsior","annual",26,5.631065,0.004242,0.000832,2e-05
"Nicotiana exigua","annual",NA,NA,NA,NA,NA
"Nicotiana forgetiana","no_life_form_on_database",7,5.638183,0.010166,0.003842,7.3e-05
"Nicotiana forsteri","annual",29,5.64787,0.010519,0.001953,1.8e-05
"Nicotiana glauca","perennial",93,5.636577,0.021939,0.002275,5e-06
"Nicotiana glutinosa","no_life_form_on_database",16,5.650462,0.01582,0.003955,3.2e-05
"Nicotiana goodspeedii","annual",77,5.634447,0.006417,0.000731,7e-06
"Nicotiana gossei","annual",24,5.631517,0.004282,0.000874,2.1e-05
"Nicotiana kawakamii","no_life_form_on_database",NA,NA,NA,NA,NA
"Nicotiana knightiana","no_life_form_on_database",NA,NA,NA,NA,NA
"Nicotiana langsdorffii","no_life_form_on_database",33,5.642985,0.015049,0.00262,1.5e-05
"Nicotiana linearis","annual",22,5.602216,0.010577,0.002255,2.3e-05
"Nicotiana longiflora","annual",80,5.636262,0.015301,0.001711,6e-06
"Nicotiana maritima","annual",20,5.636531,0.007267,0.001625,2.5e-05
"Nicotiana megalosiphon","annual",NA,NA,NA,NA,NA
"Nicotiana miersii","annual",2,5.607453,0.003114,0.002202,0.000254
"Nicotiana nesophila","no_life_form_on_database",2,5.658889,0.040917,0.028933,0.000254
"Nicotiana noctiflora","annual",30,5.614955,0.014768,0.002696,1.7e-05
"Nicotiana nudicaulis","no_life_form_on_database",8,5.629923,0.008726,0.003085,6.4e-05
"Nicotiana obtusifolia","annual",141,5.626355,0.018621,0.001568,4e-06
"Nicotiana occidentalis","annual",43,5.642008,0.011762,0.001794,1.2e-05
"Nicotiana otophora","perennial",19,5.636103,0.026515,0.006083,2.7e-05
"Nicotiana palmeri","no_life_form_on_database",5,5.632651,0.008509,0.003805,0.000102
"Nicotiana paniculata","annual",16,5.647889,0.026896,0.006724,3.2e-05
"Nicotiana pauciflora","annual",NA,NA,NA,NA,NA
"Nicotiana petunioides","annual",NA,NA,NA,NA,NA
"Nicotiana plumbaginifolia","annual",44,5.658978,0.016988,0.002561,1.2e-05
"Nicotiana pusilla","no_life_form_on_database",NA,NA,NA,NA,NA
"Nicotiana quadrivalvis","annual",34,5.621869,0.012555,0.002153,1.5e-05
"Nicotiana raimondii","no_life_form_on_database",NA,NA,NA,NA,NA
"Nicotiana repanda","annual",34,5.635256,0.012833,0.002201,1.5e-05
"Nicotiana rosulata","annual",37,5.637551,0.004529,0.000745,1.4e-05
"Nicotiana rotundifolia","annual",44,5.637163,0.006068,0.000915,1.2e-05
"Nicotiana rustica","annual",NA,NA,NA,NA,NA
"Nicotiana simulans","annual",132,5.634758,0.007222,0.000629,4e-06
"Nicotiana solanifolia","perennial",5,5.641133,0.020779,0.009293,0.000102
"Nicotiana spegazzinii","annual",14,5.602934,0.018682,0.004993,3.6e-05
"Nicotiana stocktonii","annual",1,5.669364,NA,NA,0.000508
"Nicotiana suaveolens","annual",55,5.62816,0.009031,0.001218,9e-06
"Nicotiana sylvestris","annual",10,5.621179,0.016886,0.00534,5.1e-05
"Nicotiana tabacum","annual",12,5.65774,0.019457,0.005617,4.2e-05
"Nicotiana thyrsiflora","perennial",NA,NA,NA,NA,NA
"Nicotiana tomentosa","perennial",22,5.648047,0.019997,0.004263,2.3e-05
"Nicotiana tomentosiformis","perennial",9,5.64958,0.02105,0.007017,5.6e-05
"Nicotiana trigonophylla","no_life_form_on_database",163,5.628191,0.01899,0.001487,3e-06
"Nicotiana umbratica","annual",4,5.649366,0.011372,0.005686,0.000127
"Nicotiana undulata","annual",26,5.599233,0.021715,0.004259,2e-05
"Nicotiana velutina","annual",182,5.634466,0.005279,0.000391,3e-06
"Nicotiana wigandioides","perennial",6,5.634042,0.019009,0.00776,8.5e-05
"Nierembergia andina","no_life_form_on_database",NA,NA,NA,NA,NA
"Nierembergia angustifolia","no_life_form_on_database",15,5.628949,0.007428,0.001918,3.4e-05
"Nierembergia aristata","perennial",37,5.631918,0.013096,0.002153,1.4e-05
"Nierembergia boliviana","no_life_form_on_database",NA,NA,NA,NA,NA
"Nierembergia browallioides","perennial",15,5.612866,0.016608,0.004288,3.4e-05
"Nierembergia calycina","perennial",7,5.635986,0.001926,0.000728,7.3e-05
"Nierembergia ericoides","perennial",4,5.618768,0.001292,0.000646,0.000127
"Nierembergia graveolens","perennial",NA,NA,NA,NA,NA
"Nierembergia hatschbachii","perennial",1,5.638888,NA,NA,0.000508
"Nierembergia hippomanica","no_life_form_on_database",6,5.631251,0.013901,0.005675,8.5e-05
"Nierembergia linariifolia","perennial",56,5.631329,0.014814,0.00198,9e-06
"Nierembergia micrantha","annual",4,5.635143,0.003093,0.001546,0.000127
"Nierembergia pinifolia","perennial",NA,NA,NA,NA,NA
"Nierembergia pulchella","perennial",9,5.610291,0.014743,0.004914,5.6e-05
"Nierembergia repens","perennial",3,5.618096,0.014322,0.008269,0.000169
"Nierembergia rigida","perennial",29,5.624797,0.00999,0.001855,1.8e-05
"Nierembergia rivularis","perennial",6,5.630823,0.014697,0.006,8.5e-05
"Nierembergia scoparia","perennial",16,5.64083,0.005099,0.001275,3.2e-05
"Nierembergia spathulata","perennial",4,5.630236,0.021282,0.010641,0.000127
"Nierembergia tucumanensis","perennial",1,5.587061,NA,NA,0.000508
"Nierembergia veitchii","perennial",7,5.624875,0.010212,0.00386,7.3e-05
"Nolana acuminata","annual",NA,NA,NA,NA,NA
"Nolana adansonii","annual",4,5.653787,0.031469,0.015734,0.000127
"Nolana albescens","perennial",NA,NA,NA,NA,NA
"Nolana aplocaryoides","annual",5,5.646672,0.005115,0.002287,0.000102
"Nolana arequipensis","no_life_form_on_database",2,5.669536,0.000244,0.000173,0.000254
"Nolana aticoana","no_life_form_on_database",2,5.66467,0.010049,0.007106,0.000254
"Nolana baccata","annual",NA,NA,NA,NA,NA
"Nolana balsamiflua","perennial",NA,NA,NA,NA,NA
"Nolana carnosa","perennial",NA,NA,NA,NA,NA
"Nolana cerrateana","no_life_form_on_database",1,5.660701,NA,NA,0.000508
"Nolana chancoana","no_life_form_on_database",2,5.667792,0.008552,0.006047,0.000254
"Nolana chapiensis","no_life_form_on_database",1,5.631749,NA,NA,0.000508
"Nolana clivicola","perennial",2,5.652819,0.009177,0.006489,0.000254
"Nolana coelestis","perennial",NA,NA,NA,NA,NA
"Nolana confinis","no_life_form_on_database",4,5.66122,0.002904,0.001452,0.000127
"Nolana coronata","no_life_form_on_database",2,5.667637,0.000978,0.000692,0.000254
"Nolana crassulifolia","perennial",5,5.645759,0.01381,0.006176,0.000102
"Nolana diffusa","no_life_form_on_database",1,5.633896,NA,NA,0.000508
"Nolana divaricata","perennial",6,5.650128,0.006734,0.002749,8.5e-05
"Nolana elegans","annual",3,5.65206,0.00775,0.004474,0.000169
"Nolana filifolia","perennial",NA,NA,NA,NA,NA
"Nolana flaccida","perennial",1,5.652314,NA,NA,0.000508
"Nolana galapagensis","no_life_form_on_database",NA,NA,NA,NA,NA
"Nolana gayana","no_life_form_on_database",4,5.663859,0.01221,0.006105,0.000127
"Nolana humifusa","no_life_form_on_database",6,5.671597,0.003926,0.001603,8.5e-05
"Nolana incana","perennial",NA,NA,NA,NA,NA
"Nolana inflata","no_life_form_on_database",5,5.655609,0.029672,0.01327,0.000102
"Nolana intonsa","perennial",NA,NA,NA,NA,NA
"Nolana johnstonii","no_life_form_on_database",1,5.662787,NA,NA,0.000508
"Nolana laxa","no_life_form_on_database",2,5.637774,0.02996,0.021185,0.000254
"Nolana leptophylla","perennial",NA,NA,NA,NA,NA
"Nolana lezamae","no_life_form_on_database",NA,NA,NA,NA,NA
"Nolana linearifolia","perennial",4,5.651503,0.007382,0.003691,0.000127
"Nolana lycioides","perennial",5,5.652397,0.025994,0.011625,0.000102
"Nolana mollis","perennial",NA,NA,NA,NA,NA
"Nolana onoana","no_life_form_on_database",1,5.64527,NA,NA,0.000508
"Nolana pallida","no_life_form_on_database",2,5.670394,0.003899,0.002757,0.000254
"Nolana paradoxa","annual",NA,NA,NA,NA,NA
"Nolana parviflora","annual",NA,NA,NA,NA,NA
"Nolana peruviana","perennial",5,5.639881,0.013569,0.006068,0.000102
"Nolana pilosa","no_life_form_on_database",1,5.67212,NA,NA,0.000508
"Nolana plicata","no_life_form_on_database",2,5.667809,0.002199,0.001555,0.000254
"Nolana pterocarpa","annual",NA,NA,NA,NA,NA
"Nolana ramosissima","perennial",1,5.646683,NA,NA,0.000508
"Nolana rostrata","perennial",NA,NA,NA,NA,NA
"Nolana rupicola","perennial",7,5.641459,0.016685,0.006306,7.3e-05
"Nolana salsoloides","perennial",NA,NA,NA,NA,NA
"Nolana scaposa","no_life_form_on_database",2,5.66608,0.001224,0.000865,0.000254
"Nolana sedifolia","perennial",12,5.641435,0.016078,0.004641,4.2e-05
"Nolana sessiliflora","annual",NA,NA,NA,NA,NA
"Nolana spathulata","no_life_form_on_database",7,5.664643,0.007945,0.003003,7.3e-05
"Nolana sphaerophylla","perennial",NA,NA,NA,NA,NA
"Nolana stenophylla","perennial",4,5.649674,0.003201,0.0016,0.000127
"Nolana tarapacana","perennial",1,5.637465,NA,NA,0.000508
"Nolana thinophila","no_life_form_on_database",3,5.667979,0.003293,0.001901,0.000169
"Nolana tocopillensis","perennial",1,5.645624,NA,NA,0.000508
"Nolana tomentella","no_life_form_on_database",1,5.669708,NA,NA,0.000508
"Nolana urubambae","no_life_form_on_database",NA,NA,NA,NA,NA
"Nolana villosa","perennial",1,5.643856,NA,NA,0.000508
"Nolana volcanica","no_life_form_on_database",1,5.673151,NA,NA,0.000508
"Nolana weissiana","no_life_form_on_database",2,5.669706,0.003414,0.002414,0.000254
"Nolana werdermannii","perennial",NA,NA,NA,NA,NA
"Nolana willeana","no_life_form_on_database",1,5.656866,NA,NA,0.000508
"Nothocestrum latifolium","perennial",NA,NA,NA,NA,NA
"Nothocestrum longifolium","perennial",4,5.663371,0.007823,0.003912,0.000127
"Oryctes nevadensis","annual",6,5.597483,0.005544,0.002263,8.5e-05
"Pantacantha ameghinoi","perennial",12,5.607226,0.012929,0.003732,4.2e-05
"Petunia altiplana","perennial",13,5.636686,0.004823,0.001338,3.9e-05
"Petunia axillaris","annual",82,5.630709,0.01364,0.001506,6e-06
"Petunia bonjardinensis","perennial",3,5.634243,0.00562,0.003245,0.000169
"Petunia exserta","annual",1,5.637821,NA,NA,0.000508
"Petunia integrifolia","annual",63,5.643955,0.007827,0.000986,8e-06
"Petunia littoralis","no_life_form_on_database",2,5.659128,0.004683,0.003311,0.000254
"Petunia mantiqueirensis","no_life_form_on_database",3,5.647793,0.014004,0.008085,0.000169
"Petunia reitzii","perennial",2,5.634253,0.001011,0.000715,0.000254
"Petunia saxicola","perennial",1,5.639244,NA,NA,0.000508
"Petunia scheideana","perennial",10,5.642212,0.00556,0.001758,5.1e-05
"Petunia secreta","annual",2,5.639243,0.001508,0.001066,0.000254
"Physalis acutifolia","annual",62,5.633931,0.016757,0.002128,8e-06
"Physalis alkekengi","no_life_form_on_database",59,5.602921,0.011897,0.001549,9e-06
"Physalis angulata","annual",446,5.66962,0.023091,0.001093,1e-06
"Physalis angustifolia","perennial",14,5.65373,0.013682,0.003657,3.6e-05
"Physalis angustiphysa","no_life_form_on_database",NA,NA,NA,NA,NA
"Physalis arborescens","no_life_form_on_database",16,5.676197,0.006848,0.001712,3.2e-05
"Physalis arenicola","no_life_form_on_database",17,5.650531,0.013731,0.00333,3e-05
"Physalis campanulata","no_life_form_on_database",NA,NA,NA,NA,NA
"Physalis carpenteri","no_life_form_on_database",NA,NA,NA,NA,NA
"Physalis caudella","perennial",18,5.606608,0.013931,0.003284,2.8e-05
"Physalis cinerascens","perennial",64,5.640886,0.023548,0.002944,8e-06
"Physalis cordata","annual",68,5.672048,0.019573,0.002374,7e-06
"Physalis coztomatl","no_life_form_on_database",20,5.627445,0.008285,0.001853,2.5e-05
"Physalis crassifolia","perennial",85,5.633218,0.021298,0.00231,6e-06
"Physalis glutinosa","no_life_form_on_database",22,5.629763,0.00989,0.002109,2.3e-05
"Physalis greenmanii","no_life_form_on_database",12,5.653082,0.015404,0.004447,4.2e-05
"Physalis hederifolia","perennial",164,5.612434,0.022585,0.001764,3e-06
"Physalis heterophylla","annual",104,5.584498,0.023432,0.002298,5e-06
"Physalis ignota","annual",20,5.681323,0.014131,0.00316,2.5e-05
"Physalis lagascae","annual",96,5.667883,0.020333,0.002075,5e-06
"Physalis lanceolata","no_life_form_on_database",4,5.625896,0.016742,0.008371,0.000127
"Physalis lassa","no_life_form_on_database",NA,NA,NA,NA,NA
"Physalis longifolia","perennial",115,5.592616,0.017642,0.001645,4e-06
"Physalis melanocystis","annual",27,5.665947,0.017069,0.003285,1.9e-05
"Physalis microcarpa","no_life_form_on_database",11,5.664326,0.020817,0.006277,4.6e-05
"Physalis microphysa","no_life_form_on_database",17,5.624957,0.010057,0.002439,3e-05
"Physalis minima","no_life_form_on_database",7,5.657562,0.02423,0.009158,7.3e-05
"Physalis minimaculata","no_life_form_on_database",NA,NA,NA,NA,NA
"Physalis mollis","perennial",32,5.624481,0.012653,0.002237,1.6e-05
"Physalis nicandroides","annual",62,5.650612,0.018076,0.002296,8e-06
"Physalis patula","no_life_form_on_database",28,5.635447,0.014927,0.002821,1.8e-05
"Physalis peruviana","perennial",12,5.643482,0.015376,0.004439,4.2e-05
"Physalis philadelphica","annual",90,5.645956,0.021323,0.002248,6e-06
"Physalis pruinosa","annual",58,5.660085,0.01805,0.00237,9e-06
"Physalis pubescens","annual",359,5.662974,0.023261,0.001228,1e-06
"Physalis pumila","no_life_form_on_database",50,5.602282,0.019302,0.00273,1e-05
"Physalis sordida","no_life_form_on_database",18,5.640015,0.019259,0.004539,2.8e-05
"Physalis virginiana","perennial",120,5.588177,0.030649,0.002798,4e-06
"Physalis viscosa","perennial",147,5.637569,0.01684,0.001389,3e-06
"Physalis walteri","perennial",22,5.648103,0.012181,0.002597,2.3e-05
"Physochlaina infundibularis","perennial",2,5.598973,0.004188,0.002961,0.000254
"Physochlaina orientalis","perennial",7,5.578763,0.007362,0.002783,7.3e-05
"Physochlaina physaloides","perennial",NA,NA,NA,NA,NA
"Physochlaina praealta","perennial",24,5.540456,0.020525,0.00419,2.1e-05
"Plowmania nyctaginoides","perennial",3,5.636465,0.012193,0.00704,0.000169
"Protoschwenkia mandonii","perennial",3,5.638523,0.019575,0.011302,0.000169
"Przewalskia tangutica","perennial",32,5.54484,0.026806,0.004739,1.6e-05
"Quincula lobata","perennial",127,5.608574,0.019217,0.001705,4e-06
"Salpichroa origanifolia","perennial",64,5.628667,0.016865,0.002108,8e-06
"Salpiglossis sinuata","annual",12,5.607178,0.020192,0.005829,4.2e-05
"Saracha punctata","perennial",36,5.631395,0.01538,0.002563,1.4e-05
"Saracha quitensis","perennial",21,5.634355,0.024528,0.005352,2.4e-05
"Schizanthus alpestris","annual",10,5.614508,0.020421,0.006458,5.1e-05
"Schizanthus candidus","annual",3,5.645955,0.008006,0.004622,0.000169
"Schizanthus grahamii","no_life_form_on_database",NA,NA,NA,NA,NA
"Schizanthus hookeri","annual",3,5.593779,0.002605,0.001504,0.000169
"Schizanthus integrifolius","annual",9,5.615689,0.019769,0.00659,5.6e-05
"Schizanthus lacteus","annual",3,5.646679,0.003366,0.001943,0.000169
"Schizanthus laetus","annual",3,5.641018,0.00268,0.001547,0.000169
"Schizanthus litoralis","annual",4,5.632252,0.01822,0.00911,0.000127
"Schizanthus parvulus","annual",1,5.626001,NA,NA,0.000508
"Schizanthus pinnatus","annual",18,5.622657,0.014341,0.00338,2.8e-05
"Schizanthus porrigens","annual",1,5.60525,NA,NA,0.000508
"Schizanthus tricolor","no_life_form_on_database",NA,NA,NA,NA,NA
"Schultesianthus leucanthus","perennial",24,5.661681,0.0115,0.002347,2.1e-05
"Schultesianthus megalandrus","perennial",16,5.666199,0.012719,0.00318,3.2e-05
"Schwenckia glabrata","perennial",8,5.682498,0.006395,0.002261,6.4e-05
"Schwenckia lateriflora","perennial",5,5.682123,0.012439,0.005563,0.000102
"Sclerophylax adnatifolia","annual",10,5.614202,0.006775,0.002142,5.1e-05
"Sclerophylax gilliesii","no_life_form_on_database",NA,NA,NA,NA,NA
"Sclerophylax spinescens","annual",22,5.640741,0.013418,0.002861,2.3e-05
"Scopolia carniolica","perennial",17,5.58889,0.00664,0.00161,3e-05
"Scopolia japonica","perennial",26,5.596381,0.015561,0.003052,2e-05
"Scopolia lutescens","no_life_form_on_database",NA,NA,NA,NA,NA
"Scopolia parviflora","no_life_form_on_database",NA,NA,NA,NA,NA
"Sessea corymbiflora","perennial",NA,NA,NA,NA,NA
"Sessea stipulata","perennial",11,5.63352,0.015986,0.00482,4.6e-05
"Sessea vestita","perennial",11,5.640511,0.016304,0.004916,4.6e-05
"Solandra brachycalyx","perennial",8,5.661384,0.018066,0.006387,6.4e-05
"Solandra grandiflora","perennial",44,5.659231,0.018748,0.002826,1.2e-05
"Solanum Ã—shirleyanum","perennial",3,5.641718,0.006058,0.003498,0.000169
"Solanum absconditum","perennial",18,5.681586,0.007531,0.001775,2.8e-05
"Solanum abutiloides","perennial",31,5.628361,0.022351,0.004014,1.6e-05
"Solanum acanthodapis","perennial",1,5.65126,NA,NA,0.000508
"Solanum acaule","perennial",43,5.598331,0.018805,0.002868,1.2e-05
"Solanum accrescens","perennial",15,5.67866,0.011999,0.003098,3.4e-05
"Solanum acerifolium","perennial",110,5.660738,0.014581,0.00139,5e-06
"Solanum achacachense","no_life_form_on_database",NA,NA,NA,NA,NA
"Solanum acroscopicum","perennial",NA,NA,NA,NA,NA
"Solanum aculeastrum","perennial",90,5.649063,0.019802,0.002087,6e-06
"Solanum aculeatissimum","no_life_form_on_database",206,5.647118,0.023177,0.001615,2e-06
"Solanum acutilobum","perennial",26,5.672414,0.017301,0.003393,2e-05
"Solanum adhaerens","no_life_form_on_database",44,5.681618,0.015299,0.002306,1.2e-05
"Solanum adscendens","perennial",55,5.652527,0.018626,0.002512,9e-06
"Solanum aethiopicum","perennial",NA,NA,NA,NA,NA
"Solanum aggregatum","no_life_form_on_database",NA,NA,NA,NA,NA
"Solanum agrarium","perennial",73,5.679007,0.010076,0.001179,7e-06
"Solanum agrimonifolium","perennial",8,5.640603,0.021101,0.00746,6.4e-05
"Solanum alandiae","no_life_form_on_database",4,5.625341,0.008846,0.004423,0.000127
"Solanum albicans","perennial",8,5.623489,0.028095,0.009933,6.4e-05
"Solanum albidum","perennial",43,5.648353,0.018941,0.002888,1.2e-05
"Solanum aligerum","perennial",73,5.634333,0.022649,0.002651,7e-06
"Solanum allophyllum","perennial",21,5.688818,0.010493,0.00229,2.4e-05
"Solanum amblymerum","perennial",21,5.626615,0.006626,0.001446,2.4e-05
"Solanum americanum","annual",1191,5.649845,0.03322,0.000963,0
"Solanum amygdalifolium","perennial",62,5.644883,0.015968,0.002028,8e-06
"Solanum anceps","perennial",105,5.671336,0.01551,0.001514,5e-06
"Solanum andreanum","perennial",7,5.634422,0.009194,0.003475,7.3e-05
"Solanum anguivi","perennial",207,5.661483,0.018718,0.001301,2e-06
"Solanum angustialatum","perennial",3,5.67438,0.009671,0.005584,0.000169
"Solanum angustifolium","annual",NA,NA,NA,NA,NA
"Solanum annuum","annual",8,5.60754,0.030962,0.010947,6.4e-05
"Solanum aphyodendron","perennial",119,5.653663,0.015807,0.001449,4e-06
"Solanum appendiculatum","no_life_form_on_database",54,5.642658,0.018874,0.002568,9e-06
"Solanum arachnidanthum","perennial",9,5.676041,0.004389,0.001463,5.6e-05
"Solanum arboreum","perennial",74,5.680356,0.015711,0.001826,7e-06
"Solanum argentinum","perennial",75,5.64013,0.018916,0.002184,7e-06
"Solanum argopetalum","perennial",3,5.632465,0.000358,0.000207,0.000169
"Solanum arnezii","no_life_form_on_database",3,5.63556,0.003239,0.00187,0.000169
"Solanum arundo","perennial",9,5.650085,0.028417,0.009472,5.6e-05
"Solanum asperolanatum","no_life_form_on_database",78,5.649738,0.018539,0.002099,7e-06
"Solanum asperum","perennial",NA,NA,NA,NA,NA
"Solanum asterophorum","no_life_form_on_database",39,5.674136,0.009761,0.001563,1.3e-05
"Solanum asteropilodes","perennial",NA,NA,NA,NA,NA
"Solanum asymmetriphyllum","no_life_form_on_database",5,5.673807,0.008912,0.003986,0.000102
"Solanum atropurpureum","perennial",78,5.648273,0.020197,0.002287,7e-06
"Solanum aturense","perennial",99,5.673747,0.014101,0.001417,5e-06
"Solanum aviculare","perennial",124,5.636764,0.016491,0.001481,4e-06
"Solanum avilesii","no_life_form_on_database",1,5.632823,NA,NA,0.000508
"Solanum bahamense","perennial",44,5.675922,0.022296,0.003361,1.2e-05
"Solanum batoides","perennial",10,5.661772,0.013036,0.004122,5.1e-05
"Solanum beaugleholei","no_life_form_on_database",14,5.666441,0.004801,0.001283,3.6e-05
"Solanum berthaultii","perennial",15,5.62491,0.019593,0.005059,3.4e-05
"Solanum betaceum","perennial",101,5.643804,0.023032,0.002292,5e-06
"Solanum bicorne","perennial",16,5.655423,0.016756,0.004189,3.2e-05
"Solanum bolivianum","perennial",9,5.6379,0.016366,0.005455,5.6e-05
"Solanum bonariense","no_life_form_on_database",56,5.635505,0.014784,0.001976,9e-06
"Solanum brevicaule","perennial",27,5.604194,0.017187,0.003308,1.9e-05
"Solanum brevifolium","no_life_form_on_database",30,5.648308,0.024022,0.004386,1.7e-05
"Solanum brownii","no_life_form_on_database",24,5.627962,0.008355,0.001705,2.1e-05
"Solanum buddlejifolium","no_life_form_on_database",14,5.664966,0.01046,0.002796,3.6e-05
"Solanum bukasovii","no_life_form_on_database",NA,NA,NA,NA,NA
"Solanum bulbocastanum","perennial",33,5.640024,0.011094,0.001931,1.5e-05
"Solanum bumeliifolium","perennial",3,5.659137,0.012885,0.007439,0.000169
"Solanum cacosmum","perennial",12,5.679795,0.00405,0.001169,4.2e-05
"Solanum caesium","no_life_form_on_database",18,5.646312,0.021422,0.005049,2.8e-05
"Solanum cajanumense","perennial",11,5.653358,0.01508,0.004547,4.6e-05
"Solanum calileguae","perennial",4,5.628257,0.021438,0.010719,0.000127
"Solanum campanulatum","no_life_form_on_database",15,5.628013,0.01464,0.00378,3.4e-05
"Solanum campylacanthum","perennial",188,5.65454,0.017978,0.001311,3e-06
"Solanum candidum","perennial",79,5.667064,0.018644,0.002098,6e-06
"Solanum candolleanum","perennial",11,5.623385,0.018491,0.005575,4.6e-05
"Solanum capense","perennial",45,5.6253,0.013121,0.001956,1.1e-05
"Solanum capsicastrum","no_life_form_on_database",12,5.64486,0.025368,0.007323,4.2e-05
"Solanum capsiciforme","perennial",30,5.639059,0.006213,0.001134,1.7e-05
"Solanum capsicoides","perennial",5,5.67262,0.01722,0.007701,0.000102
"Solanum cardiophyllum","perennial",20,5.640064,0.010313,0.002306,2.5e-05
"Solanum carduiforme","perennial",11,5.663314,0.004487,0.001353,4.6e-05
"Solanum caricifolium","perennial",NA,NA,NA,NA,NA
"Solanum caripense","no_life_form_on_database",54,5.64663,0.020984,0.002856,9e-06
"Solanum carolinense","perennial",269,5.603524,0.021063,0.001284,2e-06
"Solanum cataphractum","no_life_form_on_database",4,5.67946,0.008957,0.004478,0.000127
"Solanum centrale","perennial",135,5.639749,0.008682,0.000747,4e-06
"Solanum cerasiferum","perennial",39,5.672581,0.008249,0.001321,1.3e-05
"Solanum chacoense","perennial",97,5.635806,0.018799,0.001909,5e-06
"Solanum chamaepolybotryon","perennial",NA,NA,NA,NA,NA
"Solanum cheesmaniae","perennial",4,5.657831,0.048478,0.024239,0.000127
"Solanum chenopodinum","perennial",67,5.637184,0.007207,0.00088,8e-06
"Solanum chenopodium","perennial",2,5.63443,0.003284,0.002322,0.000254
"Solanum chilense","perennial",18,5.618205,0.028415,0.006697,2.8e-05
"Solanum chippendalei","perennial",75,5.646405,0.007626,0.000881,7e-06
"Solanum chmielewskii","perennial",7,5.643086,0.027029,0.010216,7.3e-05
"Solanum chomatophilum","perennial",9,5.62225,0.015065,0.005022,5.6e-05
"Solanum chrysotrichum","perennial",88,5.64688,0.016826,0.001794,6e-06
"Solanum cinereum","perennial",49,5.628535,0.007636,0.001091,1e-05
"Solanum circaeifolium","no_life_form_on_database",5,5.622136,0.009887,0.004422,0.000102
"Solanum circinatum","no_life_form_on_database",106,5.676944,0.015473,0.001503,5e-06
"Solanum citrullifolium","annual",51,5.61912,0.015589,0.002183,1e-05
"Solanum clandestinum","perennial",13,5.639991,0.022567,0.006259,3.9e-05
"Solanum clarkiae","no_life_form_on_database",10,5.671446,0.014113,0.004463,5.1e-05
"Solanum clarum","perennial",NA,NA,NA,NA,NA
"Solanum cleistogamum","no_life_form_on_database",197,5.639417,0.00969,0.00069,3e-06
"Solanum coactiliferum","no_life_form_on_database",139,5.633679,0.004863,0.000412,4e-06
"Solanum colombianum","no_life_form_on_database",29,5.645171,0.019518,0.003624,1.8e-05
"Solanum comarapanum","perennial",3,5.623077,0.021786,0.012578,0.000169
"Solanum comptum","perennial",27,5.646862,0.012031,0.002315,1.9e-05
"Solanum conditum","no_life_form_on_database",16,5.651833,0.009456,0.002364,3.2e-05
"Solanum confusum","perennial",NA,NA,NA,NA,NA
"Solanum conicum","perennial",16,5.66322,0.013723,0.003431,3.2e-05
"Solanum cookii","perennial",9,5.66426,0.012488,0.004163,5.6e-05
"Solanum cordovense","perennial",59,5.675063,0.01708,0.002224,9e-06
"Solanum coriaceum","no_life_form_on_database",36,5.685168,0.007294,0.001216,1.4e-05
"Solanum corifolium","perennial",20,5.65019,0.016002,0.003578,2.5e-05
"Solanum crinitipes","perennial",9,5.649362,0.025791,0.008597,5.6e-05
"Solanum crinitum","no_life_form_on_database",225,5.681074,0.011325,0.000755,2e-06
"Solanum crispum","perennial",33,5.614978,0.01666,0.0029,1.5e-05
"Solanum crotonoides","perennial",4,5.656284,0.012421,0.00621,0.000127
"Solanum cumingii","no_life_form_on_database",NA,NA,NA,NA,NA
"Solanum cunninghamii","no_life_form_on_database",21,5.665637,0.009195,0.002007,2.4e-05
"Solanum curvicuspe","no_life_form_on_database",4,5.624269,0.007219,0.00361,0.000127
"Solanum cyaneopurpureum","perennial",14,5.667919,0.011707,0.003129,3.6e-05
"Solanum cylindricum","perennial",16,5.641491,0.005941,0.001485,3.2e-05
"Solanum dasyphyllum","perennial",93,5.671656,0.014903,0.001545,5e-06
"Solanum davisense","annual",1,5.607822,NA,NA,0.000508
"Solanum decompositiflorum","perennial",40,5.66017,0.011929,0.001886,1.3e-05
"Solanum delitescens","perennial",6,5.62417,0.008184,0.003341,8.5e-05
"Solanum demissum","perennial",24,5.616406,0.01137,0.002321,2.1e-05
"Solanum densevestitum","perennial",16,5.635077,0.010091,0.002523,3.2e-05
"Solanum dianthophorum","perennial",NA,NA,NA,NA,NA
"Solanum dimorphispinum","perennial",5,5.652801,0.023189,0.01037,0.000102
"Solanum dioicum","no_life_form_on_database",56,5.665208,0.008811,0.001177,9e-06
"Solanum diphyllum","no_life_form_on_database",112,5.663787,0.021196,0.002003,5e-06
"Solanum diploconos","perennial",32,5.651421,0.00989,0.001748,1.6e-05
"Solanum discolor","perennial",14,5.669052,0.023819,0.006366,3.6e-05
"Solanum dissectum","perennial",2,5.647207,0.004739,0.003351,0.000254
"Solanum ditrichum","perennial",12,5.630136,0.011369,0.003282,4.2e-05
"Solanum diversiflorum","no_life_form_on_database",74,5.656558,0.010328,0.001201,7e-06
"Solanum doddsii","no_life_form_on_database",NA,NA,NA,NA,NA
"Solanum donianum","no_life_form_on_database",32,5.677034,0.011414,0.002018,1.6e-05
"Solanum drymophilum","no_life_form_on_database",2,5.613536,0.035853,0.025352,0.000254
"Solanum dulcamara","perennial",827,5.590738,0.025511,0.000887,1e-06
"Solanum echinatum","annual",66,5.665309,0.011325,0.001394,8e-06
"Solanum ehrenbergii","perennial",10,5.630772,0.010049,0.003178,5.1e-05
"Solanum elachophyllum","perennial",8,5.649233,0.003458,0.001223,6.4e-05
"Solanum elaeagnifolium","perennial",571,5.623628,0.02128,0.000891,1e-06
"Solanum ellipticum","no_life_form_on_database",246,5.638389,0.009765,0.000623,2e-06
"Solanum enantiophyllanthum","no_life_form_on_database",9,5.635651,0.01261,0.004203,5.6e-05
"Solanum endopogon","perennial",47,5.68082,0.007073,0.001032,1.1e-05
"Solanum esuriale","perennial",235,5.63854,0.010857,0.000708,2e-06
"Solanum etuberosum","perennial",5,5.604382,0.012151,0.005434,0.000102
"Solanum evolvulifolium","perennial",29,5.664937,0.017421,0.003235,1.8e-05
"Solanum exiguum","perennial",10,5.678835,0.003692,0.001168,5.1e-05
"Solanum fallax","perennial",7,5.673324,0.007437,0.002811,7.3e-05
"Solanum felinum","perennial",4,5.660462,0.013122,0.006561,0.000127
"Solanum ferocissimum","perennial",137,5.63655,0.009039,0.000772,4e-06
"Solanum fiebrigii","no_life_form_on_database",22,5.626162,0.016708,0.003562,2.3e-05
"Solanum fraxinifolium","no_life_form_on_database",17,5.648564,0.022375,0.005427,3e-05
"Solanum fructo-tecto","no_life_form_on_database",14,5.633144,0.011629,0.003108,3.6e-05
"Solanum furfuraceum","perennial",20,5.648517,0.010447,0.002336,2.5e-05
"Solanum fusiforme","no_life_form_on_database",9,5.646985,0.005069,0.00169,5.6e-05
"Solanum fusiforme","perennial",9,5.646985,0.005069,0.00169,5.6e-05
"Solanum galapagense","perennial",4,5.660367,0.042951,0.021476,0.000127
"Solanum gardneri","perennial",53,5.672826,0.010435,0.001433,1e-05
"Solanum giganteum","perennial",79,5.651173,0.021171,0.002382,6e-06
"Solanum glabratum","perennial",16,5.653042,0.017762,0.00444,3.2e-05
"Solanum glaucophyllum","perennial",75,5.647616,0.018732,0.002163,7e-06
"Solanum glutinosum","no_life_form_on_database",13,5.624106,0.014105,0.003912,3.9e-05
"Solanum goetzei","perennial",27,5.663999,0.011251,0.002165,1.9e-05
"Solanum grayi","annual",35,5.650982,0.018622,0.003148,1.5e-05
"Solanum guerreroense","perennial",NA,NA,NA,NA,NA
"Solanum guineense","perennial",15,5.631416,0.012327,0.003183,3.4e-05
"Solanum gympiense","perennial",8,5.640751,0.010366,0.003665,6.4e-05
"Solanum habrochaites","perennial",29,5.654482,0.022769,0.004228,1.8e-05
"Solanum hapalum","perennial",9,5.637126,0.011802,0.003934,5.6e-05
"Solanum hasslerianum","no_life_form_on_database",23,5.648966,0.008072,0.001683,2.2e-05
"Solanum havanense","perennial",12,5.673176,0.024025,0.006935,4.2e-05
"Solanum hayesii","perennial",26,5.684792,0.014162,0.002777,2e-05
"Solanum heinianum","perennial",6,5.658033,0.011449,0.004674,8.5e-05
"Solanum herculeum","no_life_form_on_database",5,5.627679,0.011208,0.005012,0.000102
"Solanum heterodoxum","annual",54,5.618746,0.01938,0.002637,9e-06
"Solanum heteropodium","no_life_form_on_database",6,5.678564,0.005968,0.002436,8.5e-05
"Solanum hexandrum","no_life_form_on_database",21,5.663447,0.011899,0.002597,2.4e-05
"Solanum hibernum","perennial",3,5.64621,0.002652,0.001531,0.000169
"Solanum hieronymi","perennial",52,5.639075,0.0182,0.002524,1e-05
"Solanum hindsianum","no_life_form_on_database",43,5.651546,0.014761,0.002251,1.2e-05
"Solanum hirtum","perennial",118,5.6765,0.013621,0.001254,4e-06
"Solanum hjertingii","perennial",7,5.622167,0.016798,0.006349,7.3e-05
"Solanum hoehnei","no_life_form_on_database",10,5.660252,0.008281,0.002619,5.1e-05
"Solanum hoplopetalum","no_life_form_on_database",49,5.636227,0.00418,0.000597,1e-05
"Solanum horridum","no_life_form_on_database",NA,NA,NA,NA,NA
"Solanum hougasii","perennial",6,5.63078,0.005716,0.002334,8.5e-05
"Solanum humile","perennial",22,5.634452,0.011339,0.002417,2.3e-05
"Solanum hyporhodium","perennial",3,5.681454,0.008871,0.005122,0.000169
"Solanum hystrix","no_life_form_on_database",19,5.638256,0.00543,0.001246,2.7e-05
"Solanum immite","no_life_form_on_database",NA,NA,NA,NA,NA
"Solanum inaequilaterum","no_life_form_on_database",5,5.632984,0.011656,0.005213,0.000102
"Solanum incamayoense","no_life_form_on_database",1,5.60341,NA,NA,0.000508
"Solanum incanum","perennial",160,5.658157,0.020036,0.001584,3e-06
"Solanum incarceratum","perennial",45,5.654672,0.01808,0.002695,1.1e-05
"Solanum incompletum","perennial",NA,NA,NA,NA,NA
"Solanum incurvum","no_life_form_on_database",11,5.649766,0.013978,0.004215,4.6e-05
"Solanum inelegans","no_life_form_on_database",7,5.631911,0.018399,0.006954,7.3e-05
"Solanum infundibuliforme","no_life_form_on_database",9,5.58789,0.016932,0.005644,5.6e-05
"Solanum innoxium","perennial",NA,NA,NA,NA,NA
"Solanum iopetalum","perennial",NA,NA,NA,NA,NA
"Solanum jabrense","perennial",16,5.674521,0.007454,0.001863,3.2e-05
"Solanum jamaicense","perennial",188,5.682168,0.011737,0.000856,3e-06
"Solanum jamesii","perennial",54,5.593614,0.012015,0.001635,9e-06
"Solanum johnsonianum","perennial",2,5.644384,0.002751,0.001945,0.000254
"Solanum johnstonii","perennial",5,5.63382,0.003441,0.001539,0.000102
"Solanum jucundum","perennial",31,5.63545,0.005167,0.000928,1.6e-05
"Solanum juglandifolium","perennial",28,5.657207,0.017364,0.003281,1.8e-05
"Solanum juvenale","perennial",39,5.632927,0.012821,0.002053,1.3e-05
"Solanum kurtzianum","no_life_form_on_database",13,5.602549,0.016382,0.004544,3.9e-05
"Solanum kurzii","no_life_form_on_database",NA,NA,NA,NA,NA
"Solanum kwebense","no_life_form_on_database",11,5.64201,0.01271,0.003832,4.6e-05
"Solanum laciniatum","perennial",110,5.629255,0.015634,0.001491,5e-06
"Solanum lamprocarpum","perennial",7,5.679593,0.00668,0.002525,7.3e-05
"Solanum lanceifolium","no_life_form_on_database",110,5.672811,0.017458,0.001665,5e-06
"Solanum lanceolatum","perennial",95,5.650319,0.021274,0.002183,5e-06
"Solanum lasiocarpum","perennial",57,5.677928,0.01786,0.002366,9e-06
"Solanum lasiophyllum","no_life_form_on_database",33,5.647277,0.013638,0.002374,1.5e-05
"Solanum latens","perennial",6,5.641599,0.005433,0.002218,8.5e-05
"Solanum latiflorum","perennial",12,5.651989,0.014116,0.004075,4.2e-05
"Solanum laxissimum","no_life_form_on_database",NA,NA,NA,NA,NA
"Solanum laxum","perennial",120,5.64304,0.01229,0.001122,4e-06
"Solanum leopoldense","no_life_form_on_database",5,5.668036,0.00617,0.002759,0.000102
"Solanum lepidotum","perennial",94,5.673759,0.01269,0.001309,5e-06
"Solanum leptophyes","no_life_form_on_database",7,5.602655,0.00625,0.002362,7.3e-05
"Solanum lichtensteinii","perennial",77,5.633617,0.017125,0.001952,7e-06
"Solanum lidii","perennial",4,5.644769,0.012576,0.006288,0.000127
"Solanum lignicaule","no_life_form_on_database",NA,NA,NA,NA,NA
"Solanum limitare","perennial",9,5.632676,0.007894,0.002631,5.6e-05
"Solanum linearifolium","no_life_form_on_database",39,5.626924,0.012343,0.001976,1.3e-05
"Solanum linnaeanum","perennial",136,5.639288,0.013028,0.001117,4e-06
"Solanum longiconicum","perennial",4,5.651626,0.013962,0.006981,0.000127
"Solanum lucani","annual",57,5.664948,0.008519,0.001128,9e-06
"Solanum lumholtzianum","annual",17,5.634899,0.015327,0.003717,3e-05
"Solanum luteoalbum","perennial",12,5.6386,0.019181,0.005537,4.2e-05
"Solanum lycocarpum","perennial",137,5.666584,0.010624,0.000908,4e-06
"Solanum lycopersicoides","perennial",6,5.626793,0.020139,0.008222,8.5e-05
"Solanum lycopersicum","perennial",16,5.657975,0.029222,0.007306,3.2e-05
"Solanum lyratum","no_life_form_on_database",172,5.61036,0.020131,0.001535,3e-06
"Solanum lythrocarpum","perennial",1,5.643147,NA,NA,0.000508
"Solanum macoorai","perennial",8,5.662596,0.011784,0.004166,6.4e-05
"Solanum macrocarpon","no_life_form_on_database",57,5.673882,0.018944,0.002509,9e-06
"Solanum maglia","no_life_form_on_database",8,5.614188,0.022296,0.007883,6.4e-05
"Solanum mahoriense","no_life_form_on_database",2,5.666127,0.022516,0.015921,0.000254
"Solanum mammosum","no_life_form_on_database",155,5.672068,0.025788,0.002071,3e-06
"Solanum mapiriense","perennial",3,5.661426,0.016096,0.009293,0.000169
"Solanum marginatum","perennial",5,5.641442,0.003263,0.001459,0.000102
"Solanum marinasense","no_life_form_on_database",NA,NA,NA,NA,NA
"Solanum maternum","perennial",7,5.644959,0.022159,0.008375,7.3e-05
"Solanum mauritianum","perennial",223,5.650172,0.017452,0.001169,2e-06
"Solanum megalonyx","perennial",49,5.672526,0.007682,0.001097,1e-05
"Solanum megistacrolobum","no_life_form_on_database",19,5.59644,0.014497,0.003326,2.7e-05
"Solanum melanospermum","no_life_form_on_database",16,5.650375,0.012455,0.003114,3.2e-05
"Solanum melissarum","perennial",37,5.659273,0.015073,0.002478,1.4e-05
"Solanum melongena","perennial",270,5.640103,0.035846,0.002182,2e-06
"Solanum microdontum","no_life_form_on_database",22,5.617941,0.016818,0.003586,2.3e-05
"Solanum microphyllum","perennial",2,5.681021,0.00434,0.003069,0.000254
"Solanum mitchellianum","perennial",23,5.637453,0.007482,0.00156,2.2e-05
"Solanum mite","perennial",66,5.674579,0.012494,0.001538,8e-06
"Solanum mitlense","no_life_form_on_database",18,5.649179,0.012078,0.002847,2.8e-05
"Solanum monachophyllum","perennial",72,5.687177,0.004538,0.000535,7e-06
"Solanum monarchostemon","no_life_form_on_database",11,5.679948,0.007116,0.002146,4.6e-05
"Solanum montanum","no_life_form_on_database",15,5.663745,0.021946,0.005666,3.4e-05
"Solanum morelliforme","perennial",17,5.638246,0.014391,0.00349,3e-05
"Solanum mortonii","no_life_form_on_database",1,5.628161,NA,NA,0.000508
"Solanum moscopanum","no_life_form_on_database",3,5.627316,0.003968,0.002291,0.000169
"Solanum moxosense","no_life_form_on_database",3,5.66627,0.017272,0.009972,0.000169
"Solanum multifidum","annual",11,5.667805,0.010717,0.003231,4.6e-05
"Solanum multiinterruptum","no_life_form_on_database",1,5.633181,NA,NA,0.000508
"Solanum multispinum","no_life_form_on_database",12,5.655471,0.007396,0.002135,4.2e-05
"Solanum multivenosum","perennial",5,5.649244,0.025323,0.011325,0.000102
"Solanum muricatum","perennial",32,5.642488,0.02273,0.004018,1.6e-05
"Solanum myoxotrichum","perennial",10,5.651397,0.009336,0.002952,5.1e-05
"Solanum myriacanthum","perennial",49,5.656073,0.022764,0.003252,1e-05
"Solanum nakurense","no_life_form_on_database",13,5.648363,0.013383,0.003712,3.9e-05
"Solanum nemophilum","perennial",22,5.63878,0.007627,0.001626,2.3e-05
"Solanum nemorense","perennial",40,5.676059,0.00948,0.001499,1.3e-05
"Solanum neoanglicum","no_life_form_on_database",5,5.617459,0.002566,0.001148,0.000102
"Solanum neorickii","perennial",9,5.644093,0.009162,0.003054,5.6e-05
"Solanum nigriviolaceum","perennial",4,5.644272,0.008308,0.004154,0.000127
"Solanum nigrum","annual",807,5.606326,0.028756,0.001012,1e-06
"Solanum nitidum","perennial",37,5.61216,0.019859,0.003265,1.4e-05
"Solanum nobile","perennial",6,5.624966,0.005812,0.002373,8.5e-05
"Solanum nummularium","no_life_form_on_database",52,5.637635,0.00657,0.000911,1e-05
"Solanum obliquum","no_life_form_on_database",18,5.673736,0.013323,0.00314,2.8e-05
"Solanum occultum","perennial",31,5.677113,0.010666,0.001916,1.6e-05
"Solanum ochranthum","perennial",21,5.646429,0.020643,0.004505,2.4e-05
"Solanum ochrophyllum","perennial",15,5.634238,0.015415,0.00398,3.4e-05
"Solanum oedipus","no_life_form_on_database",3,5.680567,0.003417,0.001973,0.000169
"Solanum okadae","no_life_form_on_database",4,5.594168,0.026608,0.013304,0.000127
"Solanum oldfieldii","no_life_form_on_database",34,5.640762,0.010071,0.001727,1.5e-05
"Solanum oligacanthum","perennial",36,5.635666,0.003524,0.000587,1.4e-05
"Solanum opacum","annual",111,5.639206,0.016666,0.001582,5e-06
"Solanum oplocense","no_life_form_on_database",8,5.596261,0.013145,0.004647,6.4e-05
"Solanum orbiculatum","no_life_form_on_database",NA,NA,NA,NA,NA
"Solanum ovigerum","no_life_form_on_database",NA,NA,NA,NA,NA
"Solanum oxycarpum","perennial",14,5.643338,0.013747,0.003674,3.6e-05
"Solanum oxyphyllum","perennial",20,5.677621,0.009211,0.00206,2.5e-05
"Solanum palinacanthum","perennial",177,5.660299,0.020001,0.001503,3e-06
"Solanum palitans","annual",35,5.621552,0.014739,0.002491,1.5e-05
"Solanum pallidum","no_life_form_on_database",19,5.62884,0.015526,0.003562,2.7e-05
"Solanum paludosum","perennial",69,5.685823,0.007089,0.000853,7e-06
"Solanum palustre","perennial",3,5.611554,0.022812,0.013171,0.000169
"Solanum pampasense","no_life_form_on_database",NA,NA,NA,NA,NA
"Solanum pancheri","perennial",NA,NA,NA,NA,NA
"Solanum panduriforme","perennial",NA,NA,NA,NA,NA
"Solanum paniculatum","no_life_form_on_database",226,5.670176,0.012602,0.000838,2e-06
"Solanum papaverifolium","perennial",16,5.632387,0.004988,0.001247,3.2e-05
"Solanum paposanum","perennial",9,5.634208,0.025286,0.008429,5.6e-05
"Solanum paraibanum","perennial",9,5.678607,0.008044,0.002681,5.6e-05
"Solanum pascoense","no_life_form_on_database",NA,NA,NA,NA,NA
"Solanum pectinatum","no_life_form_on_database",30,5.674329,0.02028,0.003703,1.7e-05
"Solanum pedemontanum","no_life_form_on_database",39,5.681172,0.007649,0.001225,1.3e-05
"Solanum pendulum","no_life_form_on_database",20,5.669405,0.017738,0.003966,2.5e-05
"Solanum pennellii","perennial",19,5.655037,0.021123,0.004846,2.7e-05
"Solanum peruvianum","perennial",34,5.654036,0.025334,0.004345,1.5e-05
"Solanum petraeum","no_life_form_on_database",10,5.674403,0.006544,0.002069,5.1e-05
"Solanum petrophilum","no_life_form_on_database",71,5.631734,0.005614,0.000666,7e-06
"Solanum phaseoloides","no_life_form_on_database",14,5.666819,0.014866,0.003973,3.6e-05
"Solanum phlomoides","no_life_form_on_database",34,5.65471,0.009842,0.001688,1.5e-05
"Solanum physalifolium","no_life_form_on_database",151,5.60633,0.026318,0.002142,3e-06
"Solanum pimpinellifolium","no_life_form_on_database",51,5.65749,0.029066,0.00407,1e-05
"Solanum pinetorum","perennial",17,5.644379,0.01124,0.002726,3e-05
"Solanum pinnatisectum","perennial",8,5.642255,0.014726,0.005206,6.4e-05
"Solanum piurae","no_life_form_on_database",NA,NA,NA,NA,NA
"Solanum platense","perennial",NA,NA,NA,NA,NA
"Solanum pluviale","perennial",2,5.657037,0.003705,0.00262,0.000254
"Solanum poinsettiifolium","no_life_form_on_database",20,5.672941,0.008977,0.002007,2.5e-05
"Solanum polyadenium","perennial",16,5.635964,0.012575,0.003144,3.2e-05
"Solanum polytrichum","no_life_form_on_database",25,5.675786,0.010818,0.002164,2e-05
"Solanum prinophyllum","no_life_form_on_database",35,5.634021,0.011983,0.002025,1.5e-05
"Solanum proteanthum","perennial",37,5.676505,0.008066,0.001326,1.4e-05
"Solanum pseudocapsicum","perennial",419,5.636767,0.019745,0.000965,1e-06
"Solanum pseudolulo","perennial",20,5.673693,0.023072,0.005159,2.5e-05
"Solanum ptychanthum","no_life_form_on_database",202,5.599137,0.02553,0.001796,3e-06
"Solanum pubigerum","perennial",46,5.636599,0.018929,0.002791,1.1e-05
"Solanum pungetium","no_life_form_on_database",20,5.632306,0.010423,0.002331,2.5e-05
"Solanum pyracanthos","perennial",NA,NA,NA,NA,NA
"Solanum quadrangulare","no_life_form_on_database",NA,NA,NA,NA,NA
"Solanum quadriloculatum","perennial",158,5.643531,0.011953,0.000951,3e-06
"Solanum quitoense","perennial",56,5.65654,0.025143,0.00336,9e-06
"Solanum raphanifolium","no_life_form_on_database",3,5.60325,0.010501,0.006063,0.000169
"Solanum reductum","perennial",11,5.636442,0.00636,0.001918,4.6e-05
"Solanum reflexiflorum","no_life_form_on_database",15,5.671684,0.00702,0.001813,3.4e-05
"Solanum refractum","no_life_form_on_database",34,5.661419,0.015142,0.002597,1.5e-05
"Solanum repandum","perennial",NA,NA,NA,NA,NA
"Solanum reptans","no_life_form_on_database",NA,NA,NA,NA,NA
"Solanum retroflexum","annual",65,5.627159,0.020687,0.002566,8e-06
"Solanum rhytidoandrum","perennial",89,5.67701,0.009649,0.001023,6e-06
"Solanum rigescentoides","no_life_form_on_database",NA,NA,NA,NA,NA
"Solanum riojense","no_life_form_on_database",7,5.59047,0.019945,0.007539,7.3e-05
"Solanum rixosum","perennial",8,5.634942,0.007739,0.002736,6.4e-05
"Solanum robustum","perennial",60,5.654728,0.014537,0.001877,8e-06
"Solanum roseum","perennial",7,5.645393,0.013541,0.005118,7.3e-05
"Solanum rostratum","annual",556,5.607698,0.026626,0.001129,1e-06
"Solanum rovirosanum","perennial",32,5.674632,0.017674,0.003124,1.6e-05
"Solanum rudepannum","no_life_form_on_database",126,5.671537,0.018304,0.001631,4e-06
"Solanum rugosum","perennial",183,5.683876,0.009568,0.000707,3e-06
"Solanum rupincola","no_life_form_on_database",20,5.67774,0.009231,0.002064,2.5e-05
"Solanum sandwicense","perennial",3,5.675073,0.008577,0.004952,0.000169
"Solanum santolallae","no_life_form_on_database",NA,NA,NA,NA,NA
"Solanum savanillense","perennial",3,5.637083,0.008626,0.00498,0.000169
"Solanum scabrifolium","no_life_form_on_database",NA,NA,NA,NA,NA
"Solanum scabrum","annual",70,5.648141,0.032137,0.003841,7e-06
"Solanum schenckii","perennial",7,5.63093,0.010942,0.004136,7.3e-05
"Solanum schimperianum","perennial",19,5.645448,0.014568,0.003342,2.7e-05
"Solanum schlechtendalianum","perennial",254,5.675944,0.015303,0.00096,2e-06
"Solanum schomburgkii","no_life_form_on_database",12,5.689147,0.001271,0.000367,4.2e-05
"Solanum sciadostylis","perennial",25,5.64722,0.009237,0.001847,2e-05
"Solanum sejunctum","no_life_form_on_database",1,5.673151,NA,NA,0.000508
"Solanum semiarmatum","perennial",14,5.636466,0.008191,0.002189,3.6e-05
"Solanum sendtnerianum","no_life_form_on_database",23,5.68761,0.003512,0.000732,2.2e-05
"Solanum serpens","perennial",1,5.653015,NA,NA,0.000508
"Solanum sessiliflorum","perennial",94,5.680447,0.014277,0.001473,5e-06
"Solanum sessilistellatum","no_life_form_on_database",6,5.629195,0.023219,0.009479,8.5e-05
"Solanum sibundoyense","perennial",NA,NA,NA,NA,NA
"Solanum simile","perennial",85,5.634036,0.008178,0.000887,6e-06
"Solanum sisymbriifolium","no_life_form_on_database",375,5.642748,0.024453,0.001263,1e-06
"Solanum sitiens","no_life_form_on_database",3,5.603273,0.006336,0.003658,0.000169
"Solanum sparsipilum","no_life_form_on_database",9,5.614633,0.01107,0.00369,5.6e-05
"Solanum spegazzinii","no_life_form_on_database",15,5.596154,0.013143,0.003394,3.4e-05
"Solanum stagnale","perennial",7,5.681825,0.008139,0.003076,7.3e-05
"Solanum stellativelutinum","no_life_form_on_database",1,5.629598,NA,NA,0.000508
"Solanum stelligerum","perennial",54,5.643278,0.012691,0.001727,9e-06
"Solanum stenandrum","perennial",32,5.665015,0.009947,0.001758,1.6e-05
"Solanum stenophyllidium","perennial",19,5.62781,0.013443,0.003084,2.7e-05
"Solanum stenopterum","perennial",7,5.635575,0.003331,0.001259,7.3e-05
"Solanum stoloniferum","perennial",81,5.615829,0.021815,0.002424,6e-06
"Solanum stramoniifolium","no_life_form_on_database",NA,NA,NA,NA,NA
"Solanum stuckertii","perennial",27,5.629197,0.01754,0.003376,1.9e-05
"Solanum stupefactum","perennial",2,5.635147,0.000252,0.000178,0.000254
"Solanum sturtianum","perennial",111,5.637962,0.010449,0.000992,5e-06
"Solanum subinerme","no_life_form_on_database",207,5.683668,0.010473,0.000728,2e-06
"Solanum subpanduratum","no_life_form_on_database",NA,NA,NA,NA,NA
"Solanum sucrense","no_life_form_on_database",5,5.604342,0.007976,0.003567,0.000102
"Solanum supinum","perennial",32,5.621771,0.008296,0.001467,1.6e-05
"Solanum symonii","perennial",42,5.644543,0.007696,0.001188,1.2e-05
"Solanum taeniotrichum","perennial",3,5.614583,0.023665,0.013663,0.000169
"Solanum talarense","no_life_form_on_database",2,5.655742,0.017311,0.012241,0.000254
"Solanum tampicense","perennial",51,5.676279,0.015419,0.002159,1e-05
"Solanum tarijense","no_life_form_on_database",8,5.615207,0.021356,0.00755,6.4e-05
"Solanum tegore","perennial",14,5.686797,0.004275,0.001143,3.6e-05
"Solanum tenuipes","perennial",NA,NA,NA,NA,NA
"Solanum tenuisetosum","perennial",33,5.675644,0.009711,0.00169,1.5e-05
"Solanum tenuispinum","no_life_form_on_database",26,5.628772,0.017576,0.003447,2e-05
"Solanum terminale","perennial",135,5.667039,0.015369,0.001323,4e-06
"Solanum ternatum","perennial",43,5.650562,0.016023,0.002443,1.2e-05
"Solanum tetramerum","perennial",5,5.681017,0.004713,0.002108,0.000102
"Solanum tetrathecum","perennial",22,5.636485,0.007018,0.001496,2.3e-05
"Solanum thelopodium","perennial",68,5.67907,0.010387,0.00126,7e-06
"Solanum thomasiifolium","no_life_form_on_database",45,5.671045,0.012175,0.001815,1.1e-05
"Solanum thruppii","no_life_form_on_database",NA,NA,NA,NA,NA
"Solanum tobagense","perennial",NA,NA,NA,NA,NA
"Solanum toliaraea","perennial",6,5.671598,0.017028,0.006952,8.5e-05
"Solanum tomentosum","perennial",44,5.628055,0.015323,0.00231,1.2e-05
"Solanum torvum","perennial",551,5.668271,0.022071,0.00094,1e-06
"Solanum tredecimgranum","no_life_form_on_database",2,5.5932,0.009741,0.006888,0.000254
"Solanum tribulosum","perennial",5,5.640385,0.012911,0.005774,0.000102
"Solanum tridynamum","no_life_form_on_database",67,5.653536,0.022706,0.002774,8e-06
"Solanum triflorum","annual",356,5.594061,0.025446,0.001349,1e-06
"Solanum tripartitum","no_life_form_on_database",22,5.60427,0.025418,0.005419,2.3e-05
"Solanum trisectum","no_life_form_on_database",NA,NA,NA,NA,NA
"Solanum tuberosum","perennial",30,5.632603,0.02454,0.00448,1.7e-05
"Solanum tudununggae","no_life_form_on_database",5,5.667397,0.015995,0.007153,0.000102
"Solanum tundalomense","no_life_form_on_database",NA,NA,NA,NA,NA
"Solanum turneroides","no_life_form_on_database",29,5.657045,0.01232,0.002288,1.8e-05
"Solanum ugentii","no_life_form_on_database",NA,NA,NA,NA,NA
"Solanum uncinellum","perennial",154,5.678754,0.012486,0.001006,3e-06
"Solanum unilobum","perennial",11,5.663917,0.012363,0.003728,4.6e-05
"Solanum ursinum","no_life_form_on_database",14,5.641325,0.023331,0.006235,3.6e-05
"Solanum urticans","no_life_form_on_database",13,5.671887,0.006728,0.001866,3.9e-05
"Solanum vaccinioides","perennial",1,5.672808,NA,NA,0.000508
"Solanum valdiviense","perennial",13,5.616881,0.014769,0.004096,3.9e-05
"Solanum vansittartense","no_life_form_on_database",2,5.679478,0.007004,0.004953,0.000254
"Solanum vernei","no_life_form_on_database",13,5.605132,0.025012,0.006937,3.9e-05
"Solanum verrucosum","perennial",31,5.626537,0.017531,0.003149,1.6e-05
"Solanum vescum","perennial",56,5.630787,0.011653,0.001557,9e-06
"Solanum vespertilio","perennial",NA,NA,NA,NA,NA
"Solanum vestissimum","perennial",26,5.657338,0.015727,0.003084,2e-05
"Solanum viarum","perennial",213,5.654858,0.02259,0.001548,2e-06
"Solanum vicinum","perennial",12,5.631821,0.0102,0.002944,4.2e-05
"Solanum villosum","annual",178,5.617547,0.026945,0.00202,3e-06
"Solanum violaceimarmoratum","no_life_form_on_database",5,5.628336,0.01001,0.004477,0.000102
"Solanum violaceum","perennial",72,5.653159,0.031618,0.003726,7e-06
"Solanum viridifolium","perennial",23,5.668125,0.020615,0.004299,2.2e-05
"Solanum wallacei","no_life_form_on_database",7,5.634606,0.011399,0.004308,7.3e-05
"Solanum wendlandii","perennial",90,5.660543,0.017209,0.001814,6e-06
"Solanum whalenii","perennial",8,5.633121,0.015434,0.005457,6.4e-05
"Solanum wrightii","perennial",67,5.669707,0.013461,0.001645,8e-06
"Solanum yungasense","no_life_form_on_database",NA,NA,NA,NA,NA
"Streptosolen jamesonii","perennial",11,5.646354,0.012603,0.0038,4.6e-05
"Symonanthus aromaticus","perennial",5,5.633038,0.001148,0.000513,0.000102
"Symonanthus bancroftii","perennial",3,5.632346,0.000827,0.000477,0.000169
"Trianaea speciosa","perennial",19,5.655601,0.01495,0.00343,2.7e-05
"Tsoala tubiflora","perennial",9,5.677148,0.003321,0.001107,5.6e-05
"Tzeltalia amphitricha","perennial",4,5.647488,0.014341,0.00717,0.000127
"Tzeltalia calidaria","perennial",NA,NA,NA,NA,NA
"Vassobia breviflora","perennial",103,5.642364,0.013139,0.001295,5e-06
"Vassobia dichotoma","perennial",12,5.63947,0.01477,0.004264,4.2e-05
"Vestia foetida","perennial",6,5.626648,0.005727,0.002338,8.5e-05
"Vestia lycioides","perennial",2,5.615986,0.015182,0.010735,0.000254
"Withania coagulans","perennial",8,5.610294,0.025175,0.008901,6.4e-05
"Withania somnifera","perennial",169,5.641447,0.021325,0.00164,3e-06
"Witheringia cuneata","no_life_form_on_database",22,5.667831,0.017809,0.003797,2.3e-05
"Witheringia macrantha","no_life_form_on_database",9,5.678318,0.016987,0.005662,5.6e-05
"Witheringia meiantha","perennial",35,5.66826,0.011846,0.002002,1.5e-05
"Witheringia solanacea","perennial",189,5.671664,0.016653,0.001211,3e-06
